{"train/loss": 51.805, "train/learning_rate": 0.00013719864155118674, "train/epoch": 0.0, "train/global_step": 5, "_timestamp": 1670992380.8083475, "_runtime": 831.2341995239258, "_step": 0}