{"train/loss": 3.0922, "train/learning_rate": 0.00013693365947672963, "train/epoch": 0.03, "train/global_step": 25, "_timestamp": 1670717870.7877123, "_runtime": 681.9150743484497, "_step": 4}