{"train/loss": 2.2896, "train/learning_rate": 2.610437109062556e-07, "train/epoch": 1.0, "train/global_step": 72, "_timestamp": 1670735282.2238493, "_runtime": 87.66560220718384, "_step": 14, "train/train_runtime": 27.242, "train/train_samples_per_second": 2.643, "train/train_steps_per_second": 2.643, "train/total_flos": 37626052608000.0, "train/train_loss": 2.6458862755033703, "_wandb": {"runtime": 86}}