{"train/loss": 2.3326, "train/learning_rate": 2.610437109062556e-07, "train/epoch": 1.0, "train/global_step": 72, "_timestamp": 1670736029.9878345, "_runtime": 40.951194524765015, "_step": 14, "train/train_runtime": 30.3329, "train/train_samples_per_second": 2.374, "train/train_steps_per_second": 2.374, "train/total_flos": 37626052608000.0, "train/train_loss": 2.6347644991344876, "_wandb": {"runtime": 40}}