{"train/loss": 1.2555, "train/learning_rate": 8.315047860624485e-08, "train/epoch": 0.02, "train/global_step": 10, "_timestamp": 1670728186.3911707, "_runtime": 13.12131381034851, "_step": 1}