{"train/loss": 2.9179, "train/learning_rate": 0.00013710260796110618, "train/epoch": 0.02, "train/global_step": 40, "_timestamp": 1670827920.1599035, "_runtime": 64.28915762901306, "_step": 7, "_wandb": {"runtime": 68}}