{"train/loss": 2.4371, "train/learning_rate": 2.610437109062556e-07, "train/epoch": 1.0, "train/global_step": 72, "_timestamp": 1670826653.04744, "_runtime": 74.80304098129272, "_step": 14, "train/train_runtime": 59.503, "train/train_samples_per_second": 1.21, "train/train_steps_per_second": 1.21, "train/total_flos": 37626052608000.0, "train/train_loss": 2.650617837905884, "_wandb": {"runtime": 74}}